location_cell,id,2017-12-06 to 2017-12-07,2017-12-16 to 2017-12-17,2017-12-26 to 2017-12-27
-1.0,20600332,195,195,300
-1.0,10186787,40,40,40
-1.0,1481907,220,270,276
-1.0,876792,69,69,69
-1.0,19811395,60,60,45
-1.0,667502,150,175,180
-1.0,9274039,85,95,120
-1.0,3908094,68,68,68
-1.0,16721539,120,90,102
-1.0,16147720,73,64,55
-1.0,20227087,71,71,89
-1.0,9393993,100,100,100
-1.0,18023482,190,190,190
-1.0,14783394,49,49,75
-1.0,10685825,100,175,100
-1.0,10211935,65,85,75
-1.0,20167771,60,60,60
-1.0,11750272,85,85,85
-1.0,21027191,87,120,87
5.0,4119763,52,70,52
5.0,18199127,32,32,32
5.0,20092543,99,99,99
5.0,6972163,85,95,95
5.0,6705604,40,40,40
5.0,16273526,80,80,80
5.0,20828094,85,85,85
5.0,20675714,55,55,55
5.0,15336596,50,55,55
5.0,19174868,65,65,65
5.0,13997792,55,55,55
54.0,4994497,50,65,80
54.0,15201389,699,699,699
54.0,973535,99,99,250
54.0,4994497,50,65,80
54.0,17665781,35,35,35
54.0,16860045,47,51,52
54.0,4606675,65,60,65
54.0,17665943,60,60,60
54.0,16214199,180,200,400
54.0,6152725,280,280,225
54.0,16542227,135,135,135
54.0,21108505,95,125,125
54.0,19477007,75,75,75
54.0,20674761,65,75,65
54.0,19274661,50,50,50
42.0,15099391,110,110,110
42.0,19360560,45,45,45
42.0,15176641,85,85,85
42.0,15345966,70,80,70
42.0,19887332,90,90,90
81.0,14303304,90,90,90
81.0,4831703,150,150,150
81.0,17792856,75,75,70
81.0,12872742,65,120,95
81.0,7402303,120,120,120
81.0,2028432,75,75,75
81.0,6054194,125,125,125
81.0,8535125,180,180,180
81.0,11921509,130,130,130
81.0,18354821,50,50,50
81.0,771650,50,50,50
81.0,17224136,122,150,200
81.0,16394420,63,63,63
81.0,8648818,45,45,45
81.0,13544682,115,115,121
81.0,15037795,125,200,125
81.0,13063023,40,40,40
47.0,16928524,89,89,89
47.0,16737042,74,74,74
47.0,13413795,185,185,185
47.0,19159737,80,80,80
47.0,10191601,125,125,125
47.0,16206383,50,50,50
47.0,15940328,101,91,94
47.0,8908388,70,70,70
47.0,21042120,85,80,76
47.0,2134294,58,58,58
47.0,10193392,70,70,70
47.0,7638571,70,70,70
47.0,19227106,75,75,75
47.0,761835,80,80,80
47.0,18649105,125,125,100
47.0,2038278,100,100,100
75.0,9393213,225,275,225
75.0,19833001,629,629,800
75.0,15337504,79,79,79
75.0,18329016,145,150,150
75.0,4956451,40,40,40
75.0,20235386,45,45,45
75.0,18429435,249,199,169
75.0,21120066,50,50,50
75.0,19001284,59,59,59
75.0,20748175,54,54,60
75.0,4710218,60,60,60
75.0,13536155,74,74,74
75.0,12763599,69,69,69
75.0,12028753,183,194,225
75.0,12024959,22,43,25
36.0,19188166,220,220,220
36.0,16274775,35,35,35
36.0,7148121,99,125,99
36.0,9898538,95,95,95
36.0,19329546,38,38,38
36.0,21159830,57,57,57
36.0,21006224,69,99,69
36.0,19188025,239,239,239
36.0,16302192,38,38,38
36.0,20393012,70,70,70
36.0,10982458,129,139,159
36.0,16578960,50,50,50
36.0,17993317,60,60,60
73.0,9795890,75,75,75
73.0,591565,179,179,179
73.0,19957815,315,315,315
73.0,1498245,250,300,250
73.0,13951405,650,650,650
73.0,8482315,250,250,250
73.0,10035950,150,150,150
73.0,5013302,350,350,350
73.0,17251616,70,70,70
73.0,13164658,325,325,300
73.0,18356497,200,200,200
73.0,21024340,227,241,260
73.0,6895837,200,180,140
73.0,17815279,333,333,333
73.0,9810506,200,200,200
73.0,6939638,700,700,700
10.0,11873676,126,126,126
10.0,20225312,195,195,250
10.0,7277180,65,65,65
10.0,9901614,160,160,160
10.0,3547163,195,195,499
10.0,19049402,200,200,200
10.0,3790048,800,800,800
10.0,20776052,293,258,320
10.0,14417576,180,180,180
10.0,17747778,230,170,170
10.0,17642429,200,200,200
10.0,9362788,450,450,450
10.0,9842363,275,275,275
10.0,6955851,89,99,109
10.0,7500228,99,99,99
109.0,14586448,318,300,298
109.0,546573,450,450,470
109.0,14711796,160,160,160
109.0,2656101,129,129,129
109.0,44221,175,275,275
109.0,3242622,145,145,145
109.0,18110818,580,580,580
109.0,7515787,100,100,100
109.0,6633613,85,85,85
109.0,19307997,390,420,390
109.0,3942731,225,225,225
109.0,8036849,60,60,60
109.0,19312014,165,165,165
109.0,2259331,425,425,425
35.0,15754477,85,85,85
35.0,6228461,65,65,65
35.0,16499622,40,40,40
35.0,15470951,40,40,40
35.0,4878737,75,95,75
35.0,14482103,65,65,65
35.0,18331847,70,70,89
35.0,15542745,90,90,90
35.0,15657290,34,34,34
35.0,5346743,45,45,45
35.0,16530604,35,35,35
35.0,21029005,39,39,55
35.0,3488283,75,75,75
35.0,18853584,106,79,210
35.0,20666108,110,110,200
35.0,9274832,110,110,110
35.0,13057103,30,30,30
35.0,18946091,105,105,105
35.0,10340994,55,300,55
35.0,19509586,150,150,150
32.0,18078720,70,70,70
32.0,6421429,69,73,69
32.0,4963511,225,250,225
32.0,63610,81,99,99
32.0,16237428,200,200,200
32.0,13904166,75,75,75
32.0,4963237,135,140,135
32.0,7791635,48,57,48
32.0,7791636,45,45,45
41.0,2501198,51,60,71
41.0,3751919,85,85,85
41.0,1650470,65,65,65
41.0,5185807,51,51,51
41.0,10475047,40,40,40
41.0,10685403,65,65,65
41.0,16164497,110,120,155
41.0,4694622,62,62,62
41.0,13148280,85,85,105
41.0,5745907,55,55,55
41.0,9593401,50,50,50
41.0,3683236,250,250,250
41.0,10035706,42,42,42
41.0,3490317,195,149,195
41.0,3311834,78,90,78
41.0,16413742,63,63,63
41.0,14555886,55,55,55
41.0,19038731,55,55,55
41.0,7727560,60,60,60
21.0,6574353,85,85,85
21.0,1215836,150,150,150
21.0,20270203,20,20,20
21.0,16299975,50,50,50
21.0,9836960,20,21,19
21.0,9713934,50,50,50
21.0,4226535,99,95,99
21.0,15611919,50,50,50
21.0,1571050,50,50,50
21.0,14011728,100,100,100
21.0,7457673,85,85,85
21.0,512210,262,349,349
21.0,1275942,50,51,64
21.0,20213442,55,55,55
21.0,16132147,285,285,383
114.0,13650177,118,111,157
114.0,14503754,135,135,135
114.0,20795854,200,200,250
114.0,19339594,70,70,70
114.0,7205861,125,125,125
114.0,15360687,168,168,174
114.0,3512620,129,129,135
114.0,14671527,35,35,38
114.0,4739407,85,85,85
114.0,3895455,55,55,55
114.0,4077702,95,95,95
114.0,16453837,300,300,300
114.0,19119276,90,90,90
114.0,14028380,100,100,100
114.0,19181945,200,201,250
114.0,8848215,45,45,45
114.0,9155021,80,80,86
114.0,9864155,125,125,125
8.0,8468835,50,50,50
8.0,15648993,73,75,84
8.0,20654619,41,41,41
8.0,20189290,80,80,84
8.0,20363178,50,47,46
8.0,422414,39,39,39
8.0,18358363,32,32,33
8.0,15468790,80,99,150
8.0,19506829,52,52,52
8.0,20679058,32,32,32
8.0,12335328,95,95,95
8.0,3583702,112,125,112
8.0,8861719,54,54,54
8.0,20790347,95,99,119
8.0,16720662,160,140,170
8.0,20981267,45,55,45
57.0,15042574,50,50,50
57.0,16101961,864,864,864
57.0,17239807,72,72,74
57.0,20827801,45,45,45
57.0,12153428,36,40,42
57.0,15462245,90,90,90
57.0,14616367,240,240,290
57.0,8939409,65,65,70
57.0,3970701,60,70,60
57.0,18715285,89,89,96
57.0,15028194,113,115,114
57.0,17881553,34,36,50
57.0,19291110,55,60,55
57.0,15466847,50,63,50
57.0,13058729,69,69,69
57.0,7728122,55,60,55
57.0,18745141,34,39,59
57.0,3585334,34,34,34
57.0,19670481,44,56,63
95.0,16805446,148,151,152
95.0,1406906,120,120,120
95.0,10754087,150,275,250
95.0,4379271,100,100,100
95.0,13373300,185,205,185
95.0,13530958,120,120,120
95.0,7984555,150,150,150
95.0,8847577,1500,1500,1500
95.0,4125559,125,125,140
95.0,3510929,155,155,155
95.0,7718452,148,160,160
95.0,1717499,78,78,78
95.0,11452547,400,450,400
95.0,4909080,500,500,500
95.0,18175887,200,200,200
95.0,15649031,228,247,257
95.0,17281347,95,95,97
95.0,78919,135,135,135
65.0,2202858,200,200,200
65.0,9525925,130,160,160
65.0,20956017,75,75,75
65.0,9216664,100,100,100
65.0,9252303,185,185,185
65.0,19860683,305,260,345
65.0,287839,160,160,165
65.0,20124587,130,130,150
65.0,11732848,495,495,800
65.0,9515733,165,165,200
65.0,5372082,145,145,145
65.0,742795,140,130,118
65.0,1114493,75,75,75
65.0,4617454,90,90,90
65.0,2627940,195,195,195
65.0,13153768,89,89,120
6.0,5219303,159,159,159
6.0,20725853,46,46,46
6.0,1491991,190,190,210
6.0,20896775,59,59,59
6.0,5302719,145,145,145
6.0,16337598,220,220,220
6.0,11477869,545,575,545
6.0,12687169,50,50,50
6.0,18750243,100,150,100
6.0,16054943,65,65,65
6.0,21015993,224,224,224
6.0,9996642,72,80,91
6.0,13343610,150,150,150
6.0,3897387,105,115,115
6.0,14161103,146,146,146
6.0,20503640,67,67,67
6.0,14058880,74,75,65
93.0,11239271,300,375,300
93.0,14228589,45,46,46
93.0,4728136,42,42,42
93.0,3039888,90,90,90
93.0,6481924,105,105,105
93.0,7107742,30,30,30
93.0,2267177,49,65,65
93.0,7712639,90,90,90
93.0,2524213,37,37,46
93.0,19269793,29,34,35
93.0,13577416,40,40,40
93.0,4886669,33,33,33
93.0,5578843,2000,2000,2000
93.0,1863279,140,140,140
93.0,15164526,55,55,80
93.0,10043854,38,38,45
59.0,15939056,105,105,105
59.0,20075062,180,255,330
59.0,17750322,42,45,42
59.0,20608776,35,109,109
59.0,7725496,45,45,45
59.0,13928916,75,75,75
59.0,20500009,41,154,154
59.0,10140368,46,46,46
59.0,15938836,105,105,105
59.0,1815505,39,39,39
59.0,16171678,60,60,60
25.0,389482,75,75,75
25.0,18894387,95,95,95
25.0,15545007,50,55,50
25.0,14726699,68,68,68
25.0,20886923,42,51,55
25.0,15970318,46,46,65
25.0,20502677,35,35,35
25.0,19080983,99,139,200
25.0,3939535,70,70,70
25.0,19292347,59,59,59
25.0,12385002,89,89,89
25.0,9844593,58,58,58
25.0,16637954,70,70,70
25.0,19671104,48,48,48
25.0,1090732,60,800,60
96.0,5316266,149,149,149
96.0,3431378,46,81,88
96.0,7598279,125,125,125
96.0,3790118,46,52,77
96.0,3442075,90,90,90
96.0,2060275,179,179,179
96.0,13430458,27,28,31
96.0,16624197,134,134,134
96.0,18673556,70,70,77
96.0,18693060,60,60,63
96.0,11506542,94,94,94
96.0,3939086,45,45,45
96.0,9310939,95,95,125
96.0,11202706,179,179,179
96.0,11202113,139,139,139
96.0,19902776,60,60,60
96.0,11202569,159,159,159
96.0,13235951,52,52,52
96.0,14312842,135,135,250
96.0,19157910,100,100,100
49.0,14714093,80,70,99
49.0,12315833,69,49,48
49.0,4165037,54,66,66
49.0,10459429,48,48,48
49.0,13709262,80,65,80
49.0,20621212,98,98,98
49.0,60084,100,100,100
49.0,15519679,99,99,99
49.0,17604613,25,25,25
49.0,19910689,120,120,120
49.0,15038302,89,89,89
49.0,18214493,40,40,40
49.0,9145902,99,109,99
49.0,13248672,72,73,82
49.0,19099720,65,65,75
49.0,20780654,60,60,100
49.0,607316,50,50,50
26.0,4164672,65,65,65
26.0,13698623,26,26,28
26.0,20526842,48,49,50
26.0,17764559,300,300,300
26.0,9986770,55,55,55
26.0,15453985,106,105,100
26.0,12405814,80,80,80
26.0,16506121,100,100,100
26.0,11778761,47,55,55
26.0,17271171,80,95,105
26.0,4434797,125,125,200
26.0,1717215,80,80,80
26.0,13691558,36,36,37
26.0,12134113,55,55,59
26.0,7916519,40,60,40
26.0,17971100,36,36,37
26.0,11656750,150,140,140
37.0,12952145,150,150,150
37.0,17381573,70,70,70
37.0,20455415,199,199,199
37.0,2893111,135,135,175
37.0,19057018,1000,1000,1000
37.0,18704413,173,173,275
37.0,20996586,300,210,350
37.0,2932263,180,180,250
37.0,1300097,1500,3500,1500
37.0,17791938,150,150,150
37.0,12955346,170,155,185
37.0,8609890,225,225,232
37.0,18874079,275,275,275
37.0,21008007,119,119,119
37.0,9707469,150,150,150
37.0,18157567,180,180,180
37.0,2793004,200,200,200
37.0,5791540,113,113,113
68.0,7204443,100,120,120
68.0,12834317,120,120,120
68.0,14349588,125,250,125
68.0,5320983,330,330,330
68.0,956412,330,330,330
68.0,6424227,150,150,150
68.0,1276554,200,200,200
68.0,21043381,135,155,150
68.0,512209,800,800,950
68.0,14125913,71,71,71
68.0,17000577,135,135,135
68.0,13221331,115,115,115
68.0,17220307,80,98,179
68.0,9174180,240,240,240
68.0,18748974,270,280,270
117.0,15536769,120,120,120
117.0,21069158,98,98,98
117.0,1669123,75,75,75
117.0,11190497,98,98,98
117.0,18689901,80,100,80
117.0,780205,225,225,225
117.0,9754637,59,99,129
117.0,11593365,220,220,220
117.0,20666353,228,228,237
117.0,204959,95,95,95
117.0,877431,84,175,84
117.0,9887276,200,200,200
117.0,13766593,160,230,275
117.0,498693,98,104,96
117.0,15286036,250,250,250
117.0,12205541,51,48,48
43.0,5862845,88,88,88
43.0,1654301,66,70,70
43.0,9479084,175,175,175
43.0,15854348,291,250,291
43.0,9707426,230,230,230
43.0,20828097,100,110,118
43.0,15327553,65,65,88
43.0,10827062,45,45,45
43.0,4956896,154,154,169
43.0,9710289,120,120,120
43.0,417935,248,219,219
43.0,12133132,60,60,60
43.0,15591309,85,85,85
43.0,1292008,80,80,80
43.0,17993604,144,165,185
43.0,2897471,80,75,80
43.0,19618401,120,120,120
43.0,10575777,110,110,110
43.0,16440103,200,200,200
43.0,17479792,78,70,70
66.0,5793707,125,125,125
66.0,8798499,91,75,80
66.0,329310,400,400,400
66.0,4257685,84,84,84
66.0,6346456,350,350,350
66.0,1607994,439,439,439
66.0,5372526,67,67,67
66.0,848508,50,75,50
66.0,6778747,350,340,410
66.0,4840794,160,160,160
66.0,18043457,90,90,90
66.0,20016469,140,140,140
66.0,710243,200,250,200
66.0,13714244,99,99,99
66.0,16190823,100,100,100
66.0,16271281,90,90,90
66.0,6944449,91,91,91
66.0,12293365,110,110,110
105.0,18107141,779,780,880
105.0,20245122,169,199,185
105.0,12684755,105,105,105
105.0,1708262,118,130,118
105.0,5534962,199,210,210
105.0,495651,500,500,500
105.0,8613171,549,424,299
105.0,19134112,215,215,236
105.0,17151230,86,100,86
105.0,1950588,200,200,175
105.0,20979762,80,80,80
105.0,12004935,90,90,90
105.0,12794623,48,48,48
105.0,13614923,259,259,259
105.0,20990325,130,150,150
105.0,13395513,146,147,149
105.0,83760,95,95,95
105.0,1070458,80,100,100
105.0,16188233,199,422,399
62.0,2658325,75,75,80
62.0,7789152,129,129,129
62.0,11680027,145,145,145
62.0,14015346,180,180,180
62.0,14122231,150,150,150
62.0,9343313,95,90,95
62.0,8163660,100,100,100
62.0,8720923,110,110,110
62.0,792835,140,157,163
62.0,10031436,90,90,90
62.0,13880772,999,999,999
62.0,7634327,250,250,250
62.0,14596193,55,95,55
62.0,3534443,150,150,150
62.0,15972733,75,75,75
62.0,9836702,549,900,879
82.0,7293330,62,62,66
82.0,19305374,219,219,226
82.0,5509771,184,150,184
82.0,1056256,724,724,724
82.0,14039287,40,40,40
82.0,3912794,100,100,100
82.0,9597629,350,350,350
82.0,9914098,64,64,64
82.0,8268716,250,300,250
82.0,6938827,229,229,229
82.0,24269,200,200,200
82.0,2092778,95,95,95
82.0,5939328,155,155,155
82.0,1559460,199,199,199
82.0,9446716,75,75,75
82.0,18997233,70,70,68
82.0,6197134,85,85,85
82.0,7293321,66,66,66
29.0,8623922,100,100,100
29.0,12999396,350,350,322
29.0,10361885,125,125,125
29.0,13613919,295,295,295
29.0,4199123,68,68,68
29.0,9614552,100,136,100
29.0,18597908,129,129,129
29.0,17859114,200,200,203
29.0,10546729,120,120,120
29.0,11100541,165,179,165
29.0,4759680,50,50,50
29.0,8594833,298,298,342
29.0,3748684,275,275,300
29.0,883423,150,150,150
29.0,14435,75,75,75
29.0,13506967,142,142,175
67.0,9825420,85,85,85
67.0,6627254,100,100,100
67.0,4227207,175,175,175
67.0,392549,69,69,69
67.0,41348,240,250,250
67.0,5892794,185,185,185
67.0,9769423,135,135,160
67.0,9969773,250,250,250
67.0,723457,64,64,64
67.0,6601284,155,186,155
67.0,796490,60,60,60
67.0,15631030,60,75,75
67.0,8986308,155,155,155
67.0,19289288,40,40,40
67.0,18972792,90,90,90
67.0,11506248,125,125,125
67.0,20901820,73,80,84
67.0,20188905,106,106,106
120.0,7660468,89,89,89
120.0,725270,502,450,425
120.0,1221962,150,150,150
120.0,19211630,299,325,305
120.0,14964943,290,290,299
120.0,9153256,150,150,150
120.0,5285753,229,229,229
120.0,16012433,375,375,375
120.0,3181834,1500,1500,1300
120.0,17517144,55,55,55
120.0,10009762,215,215,215
120.0,8369895,299,399,399
120.0,19050052,150,180,210
120.0,20249492,500,500,500
120.0,11419133,80,80,80
55.0,9777511,71,71,71
55.0,5864956,97,110,97
55.0,19162994,280,280,280
55.0,18034890,114,135,92
55.0,9881516,50,50,50
55.0,1604489,320,320,320
55.0,15083267,105,115,99
55.0,13953224,190,190,190
55.0,21026042,100,100,120
55.0,18933094,189,179,180
55.0,11903918,274,274,349
55.0,6831518,98,99,120
108.0,20756922,235,275,235
108.0,2186699,160,160,160
108.0,7348714,300,300,350
108.0,15769652,599,449,999
108.0,16069120,599,599,599
108.0,7275273,200,225,200
108.0,2255549,189,195,197
108.0,20480443,200,200,200
108.0,17174519,602,600,600
108.0,16321573,300,300,300
108.0,5621141,250,250,250
108.0,17473389,220,174,173
108.0,10148581,52,52,52
108.0,12022833,350,350,350
108.0,3344509,179,179,179
108.0,1805138,175,225,225
107.0,98663,175,175,175
107.0,398850,275,275,275
107.0,4720719,650,650,780
107.0,14609804,175,175,175
107.0,247778,199,199,199
107.0,11989606,189,219,309
107.0,14843553,215,215,215
107.0,20230324,200,200,200
107.0,14872587,150,150,150
107.0,2493039,155,165,225
107.0,12786165,85,85,85
107.0,2521380,65,65,65
107.0,5661080,170,195,180
107.0,19603259,249,249,249
107.0,9863860,65,65,65
107.0,2310445,150,150,150
98.0,6737815,200,200,200
98.0,3104652,325,325,325
98.0,10646179,225,225,225
98.0,4579424,220,220,220
98.0,14236416,150,143,139
98.0,10564375,180,180,180
98.0,15344255,154,159,158
98.0,7884922,159,159,159
98.0,1892319,110,110,89
98.0,17344027,93,91,93
98.0,18024772,129,129,169
98.0,17361133,85,85,85
98.0,4622005,145,145,145
98.0,6965441,220,220,220
98.0,3772353,1052,298,375
98.0,2089745,200,213,225
98.0,6730056,150,150,150
34.0,4438459,325,325,325
34.0,7945940,223,237,202
34.0,5292616,229,229,229
34.0,17387273,247,247,247
34.0,292047,90,90,90
34.0,17367004,207,303,236
34.0,17108224,723,525,346
34.0,6550702,112,112,112
34.0,2629613,269,259,269
34.0,9577296,222,204,218
34.0,13757845,199,199,199
34.0,12954177,260,350,260
34.0,101633,95,95,95
34.0,544324,150,150,185
34.0,100368,269,279,279
34.0,16001546,499,599,699
34.0,3782283,150,150,150
34.0,9104876,400,400,400
111.0,6450230,168,168,169
111.0,17323054,375,375,375
111.0,8568841,210,210,210
111.0,17512898,300,300,300
111.0,2272739,199,199,199
111.0,3650524,75,75,75
111.0,13883249,108,108,108
111.0,9990313,290,290,340
111.0,2307885,1650,1650,1650
111.0,500724,210,210,210
111.0,15581887,240,240,450
111.0,271954,225,235,225
111.0,563442,197,197,197
111.0,8166218,220,220,220
111.0,4688613,600,600,600
111.0,17465199,123,123,123
111.0,3836180,225,225,225
78.0,9214901,199,199,199
78.0,8221965,190,190,190
78.0,1856514,135,135,135
78.0,16178389,450,399,550
78.0,4276618,120,160,200
78.0,9380524,150,150,150
78.0,13282587,203,200,217
78.0,4965275,115,115,115
78.0,11680375,200,200,200
78.0,18795534,250,250,250
78.0,19764136,255,285,255
78.0,18393354,98,98,98
78.0,10137499,229,229,229
83.0,15506426,109,99,99
83.0,2440044,305,305,305
83.0,11918887,110,110,110
83.0,19408844,155,150,175
83.0,16971895,600,600,600
83.0,10860601,150,150,150
83.0,19622470,119,119,119
83.0,18933994,92,89,90
83.0,320900,189,159,289
83.0,19242867,190,250,210
83.0,15254789,209,239,300
83.0,392794,78,78,77
83.0,16297779,475,420,420
83.0,7601870,200,250,250
118.0,19865338,380,380,380
118.0,20527717,181,228,172
118.0,12764482,90,90,90
118.0,20413811,122,117,117
118.0,8590275,340,340,340
118.0,14388924,195,195,195
118.0,7997058,300,395,400
118.0,5691265,150,150,150
118.0,15827516,538,450,410
118.0,19296358,75,75,95
118.0,18639615,350,245,315
118.0,943814,220,198,299
118.0,20714171,271,200,350
118.0,21173134,350,280,400
118.0,18035508,490,490,490
122.0,394235,350,350,350
122.0,4347579,2000,2500,2000
122.0,18003567,379,349,449
122.0,7837952,265,285,300
122.0,5850978,220,200,220
122.0,8235198,240,240,240
122.0,7328712,95,95,95
122.0,19397470,189,219,239
122.0,10822131,99,99,99
122.0,16741278,90,90,90
122.0,14389886,200,200,305
122.0,9108110,220,220,220
122.0,14522699,399,555,475
122.0,6474627,299,349,299
122.0,1900780,229,229,229
122.0,20602225,499,499,499
63.0,20755180,250,200,250
63.0,3703633,250,250,250
63.0,11318587,550,600,550
63.0,6311493,210,210,210
63.0,20150376,275,275,275
63.0,2250170,1500,1500,1500
63.0,14043464,175,175,190
63.0,1990492,84,84,200
63.0,7900908,185,220,286
63.0,15234773,80,80,80
63.0,13651250,160,160,195
63.0,3870158,145,165,145
63.0,9944017,235,240,235
63.0,13389421,155,155,155
63.0,1839818,139,139,220
63.0,13082319,365,365,375
63.0,7843696,79,79,79
63.0,16005284,100,100,100
63.0,4909438,175,175,175
104.0,17152842,340,309,309
104.0,17942891,340,309,309
104.0,17335011,149,149,149
104.0,20055581,400,400,400
104.0,19113883,448,407,407
104.0,20981218,150,150,140
104.0,13283633,50,50,50
104.0,16063352,247,247,247
104.0,16440259,340,309,309
126.0,12206316,252,252,252
126.0,483485,250,300,350
126.0,19382201,190,225,190
126.0,9493786,75,75,75
126.0,923725,120,130,120
126.0,15841177,250,230,250
126.0,19958302,200,275,200
126.0,2189119,450,325,450
126.0,9563868,289,289,289
126.0,5068702,199,199,199
126.0,3803622,210,210,210
126.0,15832811,145,150,145
126.0,9233883,175,175,175
126.0,12381491,84,85,115
126.0,20439609,150,150,150
126.0,16613993,55,66,55
126.0,6476426,300,300,300
50.0,7535868,35,35,35
50.0,14823552,36,36,48
50.0,8115321,75,75,75
50.0,20427684,33,41,41
50.0,14148550,81,79,80
50.0,20819116,79,69,64
50.0,18347335,59,59,59
50.0,15065651,34,34,59
50.0,14042437,40,40,40
50.0,11778351,37,37,41
50.0,20667472,66,75,75
50.0,19620259,45,45,45
50.0,17990894,40,40,60
50.0,11649096,36,36,36
50.0,13073701,90,99,90
50.0,13082957,52,52,60
50.0,14667640,135,135,135
1.0,16226184,40,40,40
1.0,6913240,80,130,80
1.0,16976267,46,46,46
1.0,19055613,47,47,47
1.0,11964716,45,45,53
1.0,6426240,55,85,70
1.0,17496531,30,35,42
1.0,20786121,40,40,40
1.0,11963660,50,50,95
1.0,20250906,58,58,58
1.0,21121887,31,30,25
1.0,20363656,50,50,50
1.0,17007971,70,70,70
101.0,11859901,50,50,50
101.0,12534110,125,125,125
101.0,16374376,285,285,285
101.0,4698707,550,550,550
101.0,2494739,300,300,300
101.0,19329911,60,60,60
101.0,4981192,170,170,170
101.0,8361588,75,75,75
101.0,12654039,130,150,130
101.0,19903510,71,71,71
101.0,13355757,100,100,100
101.0,21125733,95,81,81
101.0,7696645,200,195,220
101.0,15181451,150,150,150
101.0,19858764,170,170,170
101.0,20641274,61,61,61
101.0,20722165,95,95,95
20.0,16324410,40,40,42
20.0,19431893,36,38,37
20.0,4550041,65,65,77
20.0,20690681,140,150,170
20.0,16276632,41,41,42
20.0,7037918,60,60,60
20.0,16248277,259,300,259
20.0,10186192,45,45,50
20.0,16396370,68,65,68
20.0,11618854,45,45,50
20.0,21104475,45,45,50
20.0,4743172,101,101,101
20.0,12645495,175,175,175
20.0,7125107,45,45,45
80.0,7808356,130,130,130
80.0,8170276,100,100,100
80.0,4802374,120,120,120
80.0,69266,299,299,399
80.0,9052018,195,195,195
80.0,14884022,132,129,129
80.0,4762799,120,120,120
80.0,12519645,45,45,45
80.0,2250621,70,100,70
80.0,2677677,249,249,249
80.0,11338631,60,57,70
80.0,20163899,199,199,240
80.0,2970480,169,174,167
80.0,12899112,50,50,50
80.0,21151962,150,150,150
80.0,16396640,82,82,82
80.0,9252484,158,158,158
80.0,12246178,64,95,64
80.0,12084009,140,140,140
12.0,4862476,40,40,40
12.0,3808323,68,68,72
12.0,8144049,79,79,79
12.0,13616940,140,120,160
12.0,1258651,300,350,350
12.0,4274595,200,200,200
12.0,11904829,80,80,80
12.0,13372035,65,65,65
12.0,18745314,130,150,130
12.0,20901715,169,169,169
12.0,4401193,130,130,130
12.0,19691986,110,110,89
12.0,1865884,139,139,139
12.0,3031238,58,57,59
12.0,14759718,49,49,49
12.0,16411398,113,112,112
12.0,5697857,49,49,49
12.0,19533506,79,79,79
12.0,16547253,120,120,120
12.0,18057747,68,68,68
40.0,17899730,90,100,120
40.0,13590109,80,80,80
40.0,7967524,55,55,55
40.0,5749147,25,25,25
40.0,20395608,51,51,53
40.0,15944470,100,100,100
40.0,16057443,862,862,862
40.0,16033923,838,838,838
40.0,19999527,59,59,65
40.0,20133468,61,70,70
40.0,20333471,48,48,55
40.0,21172187,25,27,28
2.0,19636069,55,55,55
2.0,19931560,55,55,55
2.0,214917,76,76,76
44.0,18625919,93,93,119
44.0,18612976,59,62,100
44.0,7381893,42,42,43
44.0,433914,62,62,62
44.0,19964262,40,40,45
44.0,18340599,99,99,99
44.0,14010699,70,70,70
44.0,16854141,80,80,120
44.0,13589669,59,68,90
44.0,18707757,65,65,65
44.0,18049811,49,49,49
44.0,1141071,93,93,93
44.0,6170845,67,85,67
44.0,4645319,69,63,69
0.0,13377231,110,110,110
0.0,13845645,200,250,241
0.0,4271452,249,249,225
0.0,19635001,550,550,550
0.0,20325146,250,250,250
0.0,19997367,120,120,120
0.0,10143705,60,60,60
0.0,19547469,90,90,90
0.0,11591700,325,325,400
0.0,20249634,490,320,550
0.0,11315578,475,475,475
0.0,17524441,90,90,90
0.0,12282345,99,99,99
0.0,1793411,199,199,199
0.0,16186551,190,190,400
0.0,852483,180,180,180
0.0,9107046,95,95,95
0.0,1977888,125,125,125
0.0,11465084,210,150,210
56.0,13874243,220,170,171
56.0,7835680,150,150,150
56.0,13531930,398,398,398
56.0,1243883,170,160,160
56.0,837164,185,185,165
56.0,1132907,200,200,200
56.0,18792188,57,65,55
56.0,7858741,150,150,150
56.0,3219614,270,270,195
56.0,11293039,295,295,295
56.0,456457,315,315,315
56.0,6524913,175,175,175
56.0,10576533,95,95,95
56.0,898669,175,175,175
56.0,7556003,225,225,225
56.0,15274032,100,100,100
56.0,2220431,100,105,105
121.0,19428130,115,115,115
121.0,8208285,185,200,185
121.0,3531190,249,259,249
121.0,3870294,250,250,250
121.0,4278720,145,175,145
121.0,13614173,419,419,419
121.0,961477,171,178,220
121.0,13730284,331,478,595
121.0,14347502,101,105,106
121.0,262478,95,95,95
121.0,7310330,300,300,300
121.0,14991,90,90,90
121.0,4815765,77,77,77
121.0,7275655,170,170,170
121.0,17790889,100,100,100
106.0,12655465,168,185,185
106.0,833927,215,230,215
106.0,10013355,70,70,70
106.0,8167266,279,279,335
106.0,19085327,200,200,200
106.0,14342997,118,118,118
106.0,5604005,250,250,250
106.0,2461982,145,145,145
106.0,4460838,205,199,199
106.0,10422950,69,79,79
106.0,19527510,69,69,69
106.0,1363336,275,275,275
106.0,2012000,185,185,185
106.0,13005664,400,400,750
106.0,19015421,80,80,80
106.0,15297704,200,200,200
106.0,13374505,200,200,200
106.0,925010,260,280,260
58.0,11851598,89,89,89
58.0,19611699,325,325,325
58.0,17811033,159,159,160
58.0,18013489,120,120,120
58.0,15783290,202,246,278
58.0,11574762,155,155,155
58.0,15720448,80,90,87
58.0,13209514,150,150,150
58.0,20095208,190,190,213
58.0,18656413,72,72,72
58.0,8311318,69,69,69
58.0,20169315,210,210,210
58.0,5251719,75,99,75
58.0,7611972,80,80,80
58.0,12388527,50,50,50
58.0,19930060,195,195,195
53.0,7873893,80,80,80
53.0,19841999,200,400,500
53.0,9999294,100,100,100
53.0,18273151,100,100,100
53.0,4822822,80,80,80
53.0,5619149,475,450,425
53.0,8650076,127,127,127
53.0,17172338,100,100,120
53.0,16599472,229,229,235
53.0,16195067,120,70,80
116.0,1738513,100,100,100
116.0,10433510,79,89,79
116.0,18504151,385,425,385
116.0,9531437,81,80,81
116.0,2487073,107,108,100
116.0,3383662,84,84,84
116.0,13466561,110,110,110
116.0,12004744,159,179,159
116.0,21023216,90,90,90
116.0,5727850,55,55,55
116.0,2069779,250,250,250
116.0,18263278,103,100,91
116.0,20287051,95,95,95
116.0,8622987,160,160,160
102.0,9935577,100,100,100
102.0,21055896,120,120,100
102.0,19674660,145,155,200
102.0,10018550,100,100,100
102.0,13650422,150,150,195
102.0,17584949,135,135,164
102.0,9490137,250,450,550
102.0,9607952,349,349,349
102.0,13330602,250,250,250
102.0,6811364,350,350,350
102.0,15192145,799,799,799
102.0,15987969,155,165,155
102.0,14264350,345,345,345
102.0,14297224,159,159,159
102.0,3354745,100,100,100
102.0,10429806,699,899,699
102.0,7401876,90,175,90
127.0,15664756,250,250,250
127.0,9585027,80,80,80
127.0,7724865,175,175,200
127.0,246351,135,150,135
127.0,16823318,34,30,30
127.0,11261796,200,200,200
127.0,1639762,115,115,115
127.0,12675052,150,150,150
127.0,20996451,440,400,440
127.0,4714600,115,115,115
127.0,20862766,450,400,600
127.0,5211090,225,225,225
127.0,13687060,240,240,240
127.0,8407963,185,185,185
127.0,15256150,175,175,225
127.0,9845284,150,150,150
127.0,6863948,150,150,150
127.0,9736123,260,195,195
127.0,1569444,250,250,250
90.0,11147918,55,55,55
90.0,16617217,159,159,159
90.0,1675801,199,225,249
90.0,14901070,85,85,85
90.0,18892937,938,727,489
90.0,13134263,200,200,200
90.0,16981121,160,160,168
90.0,7006151,152,133,130
90.0,4004242,95,115,95
90.0,19653530,399,275,275
90.0,8880194,100,100,100
90.0,11087002,549,729,1049
31.0,21035682,180,180,200
31.0,3850493,139,139,139
31.0,3592456,110,120,110
31.0,13101855,90,90,100
31.0,15614302,54,61,60
31.0,14683118,35,35,35
31.0,682122,89,89,89
31.0,20275223,30,30,35
31.0,20863247,33,33,33
31.0,10849166,40,42,40
31.0,20714517,34,34,34
100.0,8666528,188,198,188
100.0,20362963,120,120,120
100.0,18618887,70,72,80
100.0,13002204,129,129,129
100.0,18054501,80,80,80
100.0,12487909,52,58,52
100.0,16187604,89,89,89
100.0,13310836,59,59,59
100.0,20156831,75,75,84
100.0,21141576,135,140,135
100.0,14446171,87,87,87
100.0,11084143,188,198,208
100.0,18112565,90,90,90
100.0,19625234,169,169,213
100.0,20956802,40,40,55
11.0,21012991,109,109,125
11.0,21053769,98,98,98
11.0,9283228,110,110,110
11.0,3981427,80,80,80
11.0,14524686,180,200,180
11.0,18215065,65,85,65
11.0,15675616,288,288,288
11.0,12826965,40,40,39
11.0,5851500,36,36,38
11.0,12918287,85,85,85
11.0,20968808,135,135,135
11.0,774791,55,69,55
16.0,17319360,93,93,115
16.0,18353019,45,45,45
16.0,13740409,350,350,350
16.0,18483354,110,110,210
16.0,3523001,125,125,125
16.0,17023591,40,40,40
16.0,15645988,90,90,90
16.0,10224832,80,80,80
16.0,14724495,300,300,300
16.0,7671112,99,99,99
124.0,20840469,399,399,399
124.0,17570448,50,50,54
64.0,786843,159,160,175
64.0,11321484,75,75,75
64.0,11322591,160,160,160
64.0,320877,225,250,225
64.0,19246114,238,300,300
64.0,14105831,135,116,137
64.0,16552108,140,140,140
64.0,138216,150,90,150
64.0,18753689,75,75,100
64.0,2658270,36,42,42
64.0,16243823,360,360,360
64.0,12381255,85,85,99
64.0,3868052,240,275,240
64.0,152819,229,229,229
64.0,9633282,150,200,150
64.0,5697556,165,165,165
64.0,15805025,95,95,95
64.0,11901356,303,305,303
113.0,4796592,60,60,60
113.0,16242309,161,161,161
113.0,14884702,149,149,149
113.0,74860,55,55,55
113.0,8569922,107,107,107
113.0,9785847,75,75,75
113.0,17254855,70,70,70
113.0,16994013,50,50,50
113.0,6300424,80,80,80
113.0,18597754,125,125,125
113.0,11941101,300,300,300
113.0,16520193,75,75,75
113.0,12874443,150,150,150
113.0,10117624,250,250,250
113.0,11472498,150,150,150
113.0,5268960,190,190,190
18.0,15974046,150,150,150
18.0,15287023,250,300,250
18.0,15758526,245,245,245
18.0,2175827,77,86,83
18.0,9348923,110,110,110
18.0,6362662,65,65,65
18.0,165573,165,165,165
18.0,6901484,62,62,62
18.0,17959820,145,145,145
18.0,9431085,265,225,260
18.0,12969574,244,184,155
18.0,13978228,74,74,74
18.0,1698334,82,82,75
18.0,19017784,90,90,90
18.0,13573790,80,80,80
18.0,16238779,230,190,230
18.0,17989780,130,130,130
18.0,6348998,85,85,70
18.0,14416321,250,250,250
18.0,18447199,150,150,150
39.0,4942523,65,65,65
39.0,14009768,35,35,35
39.0,3425822,165,165,300
39.0,12763008,65,65,65
39.0,15129443,35,43,41
39.0,18526162,84,84,84
39.0,9592725,540,540,540
39.0,2445715,180,170,275
39.0,10042932,68,68,68
39.0,1903198,49,39,55
39.0,16859099,39,39,39
39.0,17891586,89,89,120
39.0,9450180,58,58,58
39.0,1107976,36,37,37
39.0,14167380,160,160,160
39.0,12856992,35,35,35
39.0,6603830,180,180,250
77.0,12864784,65,65,79
77.0,16037130,130,130,130
77.0,4301454,225,225,215
77.0,19272027,220,220,221
77.0,7936100,229,309,329
77.0,15509546,85,85,85
77.0,21136805,220,220,220
77.0,7265918,109,121,125
77.0,3832863,250,250,250
77.0,20859622,290,299,299
77.0,3223080,179,179,179
77.0,9753240,700,700,800
77.0,10020060,148,148,215
77.0,4479632,639,422,543
77.0,8683610,250,250,250
77.0,911867,156,156,140
77.0,4766582,100,100,100
115.0,21013080,159,159,159
115.0,13763165,120,120,120
115.0,4232445,235,235,235
115.0,14088249,225,225,225
115.0,14024257,135,135,135
115.0,10907480,276,306,359
115.0,515408,235,155,295
115.0,9514721,349,349,349
115.0,16287615,125,125,125
115.0,8281567,111,111,111
115.0,8592525,200,200,200
115.0,3290309,295,365,365
115.0,1403870,300,300,325
115.0,959788,150,150,150
115.0,1291004,238,238,238
115.0,19653893,175,175,175
89.0,9346505,40,40,40
89.0,17779879,90,90,90
89.0,20930060,89,89,89
89.0,2023577,110,110,110
89.0,12797684,100,100,100
89.0,7771777,90,90,90
89.0,880811,105,105,105
89.0,4287221,275,275,300
89.0,2243769,1500,1500,1500
89.0,2250790,95,95,120
89.0,18874233,45,79,63
89.0,13897860,350,350,350
89.0,11587722,299,299,317
89.0,15952571,499,499,499
89.0,9736600,75,75,75
89.0,15344308,75,75,75
89.0,9624825,150,175,150
89.0,13308276,254,250,265
89.0,19802824,250,250,250
89.0,19034746,65,65,65
74.0,17604402,55,55,55
74.0,21141312,250,250,250
74.0,9728168,189,189,189
74.0,7731215,140,140,140
74.0,13293823,250,250,350
74.0,9412913,90,90,90
74.0,6729778,160,140,140
74.0,14693952,70,70,70
74.0,16652122,180,180,180
74.0,18197853,150,150,150
74.0,9211719,75,75,75
74.0,4261951,225,225,225
74.0,2949128,200,200,200
74.0,17255913,100,100,102
74.0,19017814,80,80,80
74.0,3378585,300,300,300
112.0,18059231,70,70,70
112.0,10733505,200,200,200
112.0,19314680,590,490,590
112.0,5105805,150,175,150
112.0,3834786,190,199,220
112.0,20692369,450,450,450
112.0,6156278,180,180,180
112.0,4415695,56,82,87
112.0,16378313,218,218,218
112.0,248029,155,175,155
112.0,2838999,138,138,158
112.0,646210,160,120,120
112.0,15327600,250,250,250
112.0,14183466,140,180,150
112.0,7635764,99,99,99
112.0,4686678,150,150,150
52.0,8689147,190,190,190
52.0,20183883,275,275,275
52.0,2299633,975,1275,975
52.0,8866178,135,185,165
52.0,2206115,171,171,171
52.0,1791891,296,260,311
52.0,14670074,110,139,110
52.0,6013171,150,150,150
52.0,15125599,199,199,199
52.0,265145,200,200,200
52.0,11086445,259,289,439
52.0,17604305,83,110,110
52.0,15759302,155,170,200
52.0,18210106,278,278,370
52.0,20948046,150,214,295
52.0,2156111,145,140,175
23.0,20205958,399,399,399
23.0,8097904,200,200,217
23.0,15266254,480,480,480
23.0,7022572,170,170,170
23.0,20910718,160,160,250
23.0,13803111,750,750,750
23.0,20167684,186,186,186
23.0,18312612,269,219,269
23.0,15983858,125,125,125
23.0,7257303,285,285,285
23.0,54453,105,250,105
23.0,3375998,450,450,320
23.0,2043060,235,235,300
23.0,15831628,250,250,250
23.0,14855614,500,550,500
23.0,4518654,399,399,439
99.0,8047942,80,80,80
99.0,772362,165,165,190
99.0,19626464,105,110,110
99.0,18935923,88,88,96
99.0,16718774,100,100,100
99.0,19555220,111,111,111
99.0,20946859,120,120,200
99.0,19588629,92,92,92
99.0,13605151,70,70,70
99.0,6077513,200,200,200
99.0,9820308,68,68,68
99.0,4122050,110,110,117
99.0,2124808,90,90,98
99.0,9386678,94,94,199
86.0,2925138,250,250,250
86.0,13968722,125,125,125
86.0,856440,149,149,149
86.0,13905833,150,150,150
86.0,18273842,245,245,300
86.0,20353113,175,130,175
86.0,5616298,2000,2000,2000
86.0,31130,245,245,245
86.0,8878181,150,135,165
86.0,18913112,125,125,125
86.0,7265896,140,140,140
86.0,5649623,2000,2000,2000
86.0,9168009,60,60,60
86.0,4868150,180,180,180
86.0,4967114,450,450,450
86.0,8356513,120,120,120
86.0,1918047,220,220,220
15.0,6323975,130,130,130
15.0,19720342,175,200,175
15.0,20481044,455,395,270
15.0,7174361,238,250,400
15.0,9215569,435,435,435
15.0,19455652,119,106,119
15.0,13670455,379,379,379
15.0,20190118,100,100,190
15.0,8521188,285,350,285
15.0,20188858,119,125,125
15.0,18159239,229,229,229
15.0,13584582,175,175,180
15.0,14848976,200,200,246
48.0,19083121,69,89,69
48.0,19154395,62,69,69
48.0,16676223,50,50,50
48.0,15369274,45,45,45
48.0,19054001,65,65,65
48.0,19291901,52,58,62
48.0,15369274,45,45,45
48.0,17254706,65,65,65
123.0,15256000,150,150,150
123.0,14489615,55,55,55
123.0,11564373,200,200,200
123.0,15288813,100,100,100
123.0,18474608,90,94,90
123.0,18666975,100,110,100
123.0,20981359,72,72,72
123.0,16351554,540,540,540
123.0,18197137,100,110,100
123.0,20981359,50,50,72
4.0,19923648,105,105,105
4.0,21054012,215,250,215
4.0,16751874,75,75,75
4.0,17480159,62,77,77
4.0,9145202,47,47,47
4.0,9374263,155,175,155
22.0,18715053,50,50,50
22.0,16777456,80,80,80
22.0,11928084,70,70,70
22.0,16335779,250,250,250
22.0,7771351,54,69,54
22.0,4456997,49,75,49
22.0,4812995,80,80,80
22.0,18393654,80,80,80
128.0,18915167,180,180,250
128.0,19019325,54,54,54
128.0,19762901,250,240,320
128.0,917739,360,360,500
128.0,1878642,195,195,195
128.0,20607037,190,190,186
128.0,8034664,119,129,119
128.0,11713627,142,146,164
128.0,1201479,135,135,135
128.0,9409367,400,400,500
128.0,8439030,85,85,85
128.0,4191257,200,200,200
128.0,16331944,300,300,300
128.0,8634152,120,120,120
128.0,8438536,200,200,200
128.0,10022730,165,165,165
128.0,9371045,200,200,200
128.0,20439520,499,519,699
128.0,13055236,120,123,120
92.0,8664721,200,215,200
92.0,9168614,175,175,175
92.0,18975009,92,92,92
92.0,7141549,78,78,78
92.0,20085131,120,120,120
92.0,7094619,120,120,120
92.0,21139869,85,95,120
92.0,1954653,195,195,195
92.0,10115792,449,449,449
92.0,2578373,400,400,400
92.0,2217398,1500,1500,1500
92.0,4203460,270,270,270
92.0,5536824,475,199,239
92.0,19014865,34,34,43
92.0,15182188,79,79,79
92.0,6927059,105,105,105
92.0,18190203,140,130,390
79.0,12558307,299,399,299
79.0,20460009,350,350,350
79.0,1590214,122,135,124
79.0,2984805,80,80,80
79.0,18521455,400,400,400
79.0,19858046,295,295,295
79.0,20874121,122,119,99
79.0,20625412,190,400,500
79.0,11569560,140,140,140
79.0,18192108,110,110,110
79.0,1210916,145,145,145
79.0,2028099,250,250,250
79.0,13940091,187,187,187
79.0,17828861,160,160,190
79.0,10836260,400,400,400
79.0,12451425,175,175,175
7.0,1171955,275,275,275
7.0,7839972,239,239,239
7.0,17499587,220,220,220
7.0,19011949,270,270,270
7.0,19283124,150,169,180
7.0,7637047,175,175,175
7.0,17697164,325,325,325
7.0,11591546,390,390,550
7.0,20601868,265,265,265
7.0,14375070,350,350,350
7.0,17603059,230,220,220
7.0,9682617,228,228,228
7.0,4858305,350,350,350
7.0,18482700,190,190,355
45.0,5796405,295,295,295
45.0,20455873,199,383,239
45.0,9301647,70,90,120
45.0,14683983,504,840,504
45.0,20888646,199,199,199
45.0,13865843,200,200,200
45.0,8439145,159,159,159
45.0,11206330,225,225,225
45.0,15205625,196,196,196
45.0,13019720,275,275,275
45.0,11891606,189,189,189
45.0,12755571,72,72,72
45.0,13032261,193,193,193
45.0,15199186,189,189,289
45.0,6115275,180,180,180
85.0,775326,69,75,74
85.0,10409669,48,52,63
85.0,783964,65,75,80
85.0,12775106,120,120,120
85.0,20308253,115,80,115
85.0,3826908,84,86,91
85.0,4359756,165,165,165
85.0,8879282,97,126,97
85.0,13041392,209,215,230
85.0,7750282,99,99,99
85.0,15328237,130,130,140
85.0,12360583,65,75,65
85.0,5432930,140,140,140
85.0,18649595,46,46,52
85.0,2237032,68,68,68
76.0,4773463,175,175,175
76.0,13248742,52,52,52
76.0,17365005,105,105,105
76.0,20426173,61,60,59
76.0,9615485,67,67,67
76.0,4396142,140,140,140
76.0,16455521,96,103,96
76.0,58467,108,108,108
76.0,11798095,55,55,55
76.0,18998984,40,40,40
76.0,16336709,65,65,65
76.0,9412636,60,60,60
76.0,18460119,99,99,99
76.0,16274717,33,32,32
76.0,18915286,308,207,312
76.0,19386162,65,65,65
76.0,15419574,95,95,105
9.0,14254566,80,80,80
9.0,20054293,49,49,59
9.0,16214404,45,45,45
9.0,18212986,65,88,86
9.0,10985093,95,125,95
9.0,20931566,45,45,45
9.0,8963790,126,126,126
9.0,8354416,97,105,97
60.0,14768877,117,117,117
60.0,1870228,50,50,50
60.0,14164359,40,40,40
60.0,8867383,55,55,55
60.0,19197693,155,155,155
60.0,7636986,100,100,100
60.0,10748978,55,70,70
60.0,2867115,40,47,45
60.0,13394065,90,90,90
60.0,16402087,37,37,37
60.0,19547068,93,101,100
60.0,19309321,130,130,150
60.0,18961150,195,195,195
60.0,5431845,160,160,160
60.0,4966559,200,200,200
14.0,14787826,48,48,48
14.0,13801377,100,100,100
14.0,1108309,185,185,185
14.0,7957339,109,109,109
14.0,11605696,52,52,52
14.0,20788831,99,99,99
14.0,206957,140,140,146
14.0,6290301,83,83,83
14.0,19334358,120,120,120
14.0,19913442,150,150,150
110.0,17612481,190,195,280
110.0,13464122,157,190,220
110.0,4707077,150,150,150
110.0,11015593,175,165,299
110.0,5612772,850,799,990
110.0,9906190,93,93,93
110.0,13191819,180,180,160
110.0,2707450,280,280,320
110.0,15560799,189,195,229
110.0,15155219,667,667,667
110.0,8372650,261,261,261
110.0,17717061,120,130,120
70.0,15218699,1299,1299,1799
70.0,3695178,100,100,100
70.0,15206836,899,899,999
70.0,16018094,499,499,699
70.0,19722207,791,998,1497
70.0,21069963,150,150,150
70.0,6988905,190,195,220
70.0,6168568,699,499,699
70.0,9548756,200,200,200
70.0,15218066,799,799,999
70.0,15284819,220,340,800
70.0,3695375,135,135,135
70.0,15735305,499,499,699
70.0,15191882,198,330,198
70.0,17990157,275,275,275
70.0,8973075,140,120,140
70.0,16489149,799,799,999
3.0,17189075,70,70,70
3.0,4726448,250,325,400
3.0,13407354,169,155,124
3.0,2479144,215,185,180
3.0,14185610,100,100,129
3.0,16777938,139,139,199
3.0,15633514,112,112,112
3.0,13447109,201,201,201
3.0,13603951,175,175,175
3.0,16844643,232,450,455
3.0,18566561,425,425,425
3.0,12891190,179,191,168
3.0,7516992,70,70,70
3.0,13038474,800,1200,2000
3.0,19783043,80,90,85
119.0,20888216,100,100,100
119.0,15059706,315,315,315
119.0,19750868,335,525,335
119.0,7699542,95,95,95
119.0,15981246,400,400,400
119.0,14473548,399,463,579
119.0,1357021,219,219,399
119.0,12561615,100,100,100
119.0,15720569,125,125,129
119.0,13900294,105,95,150
119.0,18887372,195,144,174
119.0,10070693,275,275,275
119.0,14383299,300,300,300
119.0,16378562,150,150,150
119.0,3344237,125,125,125
119.0,7596341,125,125,125
119.0,11690836,180,180,180
119.0,13489234,175,175,175
119.0,4745012,154,154,154
94.0,7239575,120,120,120
94.0,11574461,200,190,350
94.0,3629141,149,149,149
94.0,14028280,300,325,300
94.0,7095783,229,229,229
94.0,9196297,65,65,65
94.0,8458966,125,125,125
94.0,4812551,325,345,365
94.0,12561681,399,399,399
94.0,5505592,175,175,175
94.0,3426233,300,300,300
94.0,16202884,140,140,140
94.0,14779757,300,300,300
94.0,17430623,180,180,180
94.0,9115251,85,85,86
94.0,15761285,230,230,230
94.0,7651885,225,275,250
94.0,15918537,300,300,300
61.0,19014010,239,296,549
61.0,12976191,339,299,349
61.0,1712338,130,130,130
61.0,20548717,70,80,70
61.0,9969898,300,300,300
61.0,20433620,184,185,195
61.0,2595,228,228,228
61.0,10045963,309,249,299
61.0,9859456,450,450,450
61.0,739738,400,400,400
61.0,19801110,55,60,80
61.0,13528632,285,225,345
61.0,20400229,520,500,520
61.0,6614663,170,170,185
61.0,20089597,179,179,192
61.0,9387676,200,200,350
61.0,6534409,340,340,340
97.0,17699790,199,199,199
97.0,1331231,270,270,270
97.0,12856529,180,200,180
97.0,19654640,295,295,295
97.0,11640318,214,165,238
97.0,19153081,249,369,249
97.0,1910287,100,100,100
97.0,16201952,200,200,300
97.0,2228296,750,750,750
97.0,9625266,395,395,395
97.0,3176553,429,429,429
97.0,16811719,2000,2000,2000
97.0,15059292,115,115,115
97.0,1843034,295,295,295
97.0,11640318,238,165,238
97.0,16560007,180,200,180
88.0,21045695,105,105,105
88.0,17756109,800,800,800
88.0,12585689,650,729,650
88.0,4096559,450,450,450
88.0,1472002,75,75,75
88.0,5085279,525,600,525
88.0,20755969,1080,1080,1080
88.0,15868000,360,360,360
88.0,13387713,250,250,250
88.0,20801704,207,207,207
88.0,19751219,65,65,65
88.0,15181459,160,160,200
88.0,17841555,122,131,122
88.0,698094,120,120,120
88.0,386799,225,225,225
88.0,6590197,250,250,250
88.0,9775397,1200,1200,1200
69.0,19175288,95,135,160
69.0,19172876,155,110,200
69.0,19117322,250,250,250
69.0,7698070,99,99,99
69.0,12739910,400,400,400
69.0,15347268,2000,2000,2000
69.0,18111901,159,159,159
125.0,3559515,300,300,300
125.0,8994904,305,305,305
125.0,1994398,275,300,375
125.0,9884237,400,400,400
125.0,16013160,269,269,269
125.0,20801248,300,300,350
125.0,11259306,180,180,180
125.0,4824849,200,200,200
125.0,9937667,199,199,199
125.0,6582117,195,195,195
125.0,2356562,345,345,345
125.0,6493288,300,300,300
125.0,10225698,450,450,450
125.0,18086316,300,300,300
125.0,7349064,260,260,260
125.0,9937558,230,230,230
51.0,18523144,500,500,650
51.0,3241858,200,200,200
51.0,6833000,135,135,135
51.0,9415000,395,395,425
51.0,5262333,149,149,149
51.0,7001872,195,195,195
51.0,4502545,300,300,300
51.0,8688783,236,240,291
51.0,20725558,540,540,540
51.0,9470677,235,189,185
51.0,8595149,150,200,230
51.0,9457285,280,350,350
51.0,19701427,400,400,400
51.0,3357882,200,200,200
51.0,9793676,1100,1100,1100
30.0,12385693,339,299,299
30.0,1691188,200,200,200
30.0,12855015,38,38,50
30.0,14398950,74,84,81
30.0,21016290,125,125,125
30.0,8239352,50,50,53
30.0,21140939,110,125,165
30.0,19362751,40,35,37
30.0,682032,43,53,43
30.0,15108887,55,108,50
30.0,15311154,45,40,50
30.0,12293900,58,58,80
30.0,16664045,139,139,145
30.0,15328271,99,130,110
30.0,16087364,36,36,36
30.0,8883269,100,100,100
27.0,9435568,246,449,639
27.0,17692964,162,162,163
27.0,13125950,595,655,995
27.0,1864381,490,699,490
27.0,3856374,650,650,650
27.0,10454844,400,400,400
27.0,13779338,358,358,358
27.0,2447138,450,450,450
27.0,8193127,500,500,500
27.0,5422535,500,500,500
27.0,2141635,100,100,100
27.0,9532913,280,280,280
27.0,6371890,110,110,110
27.0,17666300,6750,3750,2250
27.0,1189378,300,325,300
27.0,15357633,455,435,425
27.0,17253883,1050,1200,1200
27.0,4777903,1500,1750,1500
27.0,999248,575,625,750
27.0,9810235,500,500,500
91.0,1543023,213,213,213
91.0,18842884,69,89,69
91.0,20597491,120,120,120
91.0,13098701,165,267,174
91.0,19458290,86,86,120
91.0,20196339,65,71,65
24.0,5651968,150,150,150
24.0,17458291,45,45,45
24.0,15937310,42,42,42
46.0,15434787,195,195,250
46.0,17006956,159,175,175
46.0,11478020,73,73,73
46.0,3580577,75,65,80
46.0,6748032,80,80,80
46.0,475216,100,100,100
46.0,3172212,69,69,69
46.0,4357464,74,84,74
46.0,11398939,50,50,50
46.0,18375138,65,74,65
46.0,18994394,59,59,61
46.0,489924,40,40,50
46.0,11377582,240,240,240
46.0,8667280,165,250,250
46.0,730480,150,110,107
13.0,864981,66,66,66
13.0,18927333,45,45,45
13.0,3377114,75,75,76
13.0,3395238,175,175,175
13.0,18911323,32,32,32
13.0,2392076,150,175,150
13.0,2515514,90,80,90
13.0,16661461,40,40,40
13.0,19183698,50,50,50
13.0,15144127,53,53,150
13.0,16455599,100,100,100
13.0,13660249,89,89,89
13.0,6759527,150,150,150
13.0,8485057,80,80,80
13.0,2030736,30,30,30
13.0,11753199,85,85,85
13.0,16429866,50,50,50
103.0,6329973,130,140,175
103.0,9720768,140,140,160
103.0,20322645,350,350,300
103.0,16353229,135,135,135
103.0,4471513,634,559,464
103.0,10404638,310,310,310
103.0,12987735,800,800,800
103.0,17625449,169,169,169
103.0,17515351,195,195,195
28.0,18149668,100,100,100
28.0,7252174,50,50,50
28.0,616659,140,140,140
28.0,20714992,150,150,150
28.0,15132221,120,120,120
28.0,12705303,175,175,175
28.0,9967360,100,100,100
28.0,10849426,80,80,80
28.0,2721610,275,275,275
28.0,2926247,195,195,195
28.0,6462549,49,49,98
28.0,7264263,120,120,120
28.0,17512620,200,209,209
28.0,19841625,96,80,150
72.0,19190579,140,140,175
72.0,5631916,215,215,215
72.0,11065264,500,500,750
72.0,19906195,100,200,350
72.0,878591,136,136,136
72.0,19379397,224,179,100
72.0,6554879,90,90,90
72.0,1151582,115,150,115
72.0,12281070,160,160,160
72.0,17683242,120,120,120
72.0,17944219,75,75,75
72.0,20607108,70,75,95
72.0,4137900,160,160,160
72.0,8087725,118,118,118
72.0,12409508,100,100,100
72.0,17793341,150,150,150
72.0,1702916,275,275,297
72.0,12885974,100,100,100
72.0,7325293,300,300,300
38.0,4567074,200,200,200
38.0,16897115,60,60,60
38.0,20284875,320,320,320
38.0,39586,119,128,140
38.0,145994,80,80,80
38.0,19846176,140,140,140
38.0,7324832,129,129,129
38.0,7816,225,225,225
38.0,13733309,85,85,85
38.0,13282281,150,150,150
38.0,15790640,65,65,65
38.0,12323423,50,50,50
38.0,20639280,125,125,125
38.0,13492353,75,75,75
38.0,1731365,500,530,530
17.0,10076836,150,150,150
17.0,19327623,300,300,300
17.0,251277,140,140,140
17.0,16323065,100,100,95
17.0,846871,150,150,125
17.0,18190744,2750,2750,2750
17.0,87853,194,194,194
17.0,6909447,150,150,150
17.0,9937434,200,200,200
17.0,5228280,375,375,375
17.0,13113422,294,294,294
17.0,5081207,165,165,165
17.0,12184165,171,171,171
17.0,1289573,150,150,150
17.0,18015606,150,151,153
17.0,6374545,200,200,200
17.0,31425,165,165,165
129.0,17213645,98,98,98
129.0,3554598,340,340,340
129.0,16338784,108,140,108
129.0,18003918,175,175,175
129.0,16675019,150,150,150
129.0,16420915,150,150,230
129.0,20566376,100,100,100
129.0,2103480,560,560,560
129.0,6279160,175,175,175
129.0,17224797,160,160,160
129.0,2329047,400,400,400
129.0,8653999,180,180,180
129.0,5826716,158,189,189
129.0,2061367,86,86,86
129.0,10000943,159,159,159
129.0,6760090,190,190,190
129.0,15437413,249,249,249
84.0,3112872,215,215,215
84.0,14080022,325,375,325
84.0,9249776,150,150,150
84.0,19013594,500,500,500
84.0,9833212,80,80,80
84.0,15943475,200,200,210
84.0,6300809,280,280,280
84.0,1058791,175,190,175
84.0,19949990,250,250,250
84.0,5256554,250,250,250
84.0,341982,99,99,99
84.0,488211,235,235,235
84.0,13662692,200,200,200
84.0,1330430,199,179,212
84.0,19531901,180,180,180
84.0,18222455,142,142,142
84.0,304799,195,195,190
84.0,3728303,150,150,150
71.0,15952702,147,147,147
71.0,17732486,180,180,180
71.0,4509664,205,205,205
71.0,846857,109,169,119
71.0,9837051,83,83,83
71.0,132570,170,170,170
71.0,19980048,225,225,225
71.0,16453160,147,150,134
71.0,985377,199,199,199
71.0,11968056,297,297,297
71.0,6302423,245,245,245
71.0,4885832,225,225,225
71.0,6397059,250,250,250
71.0,14091281,250,250,250
71.0,17349455,300,300,300
71.0,1437044,270,270,270
71.0,10086029,800,800,800
71.0,19291541,399,399,399
71.0,18869812,164,164,164
